program_id,pathway_id,rule_id,rule_type,field_name,operator,value,outcome_if_true,uncertainty_if_missing,source_id,citation_note
snap,snap_gross_hh_1,SNAP_R_01_SIZE,inclusion,household_size_total,==,1,evaluate_snap_income_limit,uncertain,SNAP_SRC_02,Use gross monthly income limit for household size 1; effective 2025-10-01.
snap,snap_gross_hh_1,SNAP_R_01_INCOME,inclusion,household_income_total,<=,2610,likely_applicable,uncertain,SNAP_SRC_02,"Gross monthly income limit for household size 1 is $2,610."
snap,snap_gross_hh_2,SNAP_R_02_SIZE,inclusion,household_size_total,==,2,evaluate_snap_income_limit,uncertain,SNAP_SRC_02,Use gross monthly income limit for household size 2; effective 2025-10-01.
snap,snap_gross_hh_2,SNAP_R_02_INCOME,inclusion,household_income_total,<=,3526,likely_applicable,uncertain,SNAP_SRC_02,"Gross monthly income limit for household size 2 is $3,526."
snap,snap_gross_hh_3,SNAP_R_03_SIZE,inclusion,household_size_total,==,3,evaluate_snap_income_limit,uncertain,SNAP_SRC_02,Use gross monthly income limit for household size 3; effective 2025-10-01.
snap,snap_gross_hh_3,SNAP_R_03_INCOME,inclusion,household_income_total,<=,4442,likely_applicable,uncertain,SNAP_SRC_02,"Gross monthly income limit for household size 3 is $4,442."
snap,snap_gross_hh_4,SNAP_R_04_SIZE,inclusion,household_size_total,==,4,evaluate_snap_income_limit,uncertain,SNAP_SRC_02,Use gross monthly income limit for household size 4; effective 2025-10-01.
snap,snap_gross_hh_4,SNAP_R_04_INCOME,inclusion,household_income_total,<=,5360,likely_applicable,uncertain,SNAP_SRC_02,"Gross monthly income limit for household size 4 is $5,360."
snap,snap_gross_hh_5,SNAP_R_05_SIZE,inclusion,household_size_total,==,5,evaluate_snap_income_limit,uncertain,SNAP_SRC_02,Use gross monthly income limit for household size 5; effective 2025-10-01.
snap,snap_gross_hh_5,SNAP_R_05_INCOME,inclusion,household_income_total,<=,6276,likely_applicable,uncertain,SNAP_SRC_02,"Gross monthly income limit for household size 5 is $6,276."
snap,snap_gross_hh_6,SNAP_R_06_SIZE,inclusion,household_size_total,==,6,evaluate_snap_income_limit,uncertain,SNAP_SRC_02,Use gross monthly income limit for household size 6; effective 2025-10-01.
snap,snap_gross_hh_6,SNAP_R_06_INCOME,inclusion,household_income_total,<=,7192,likely_applicable,uncertain,SNAP_SRC_02,"Gross monthly income limit for household size 6 is $7,192."
snap,snap_gross_hh_7,SNAP_R_07_SIZE,inclusion,household_size_total,==,7,evaluate_snap_income_limit,uncertain,SNAP_SRC_02,Use gross monthly income limit for household size 7; effective 2025-10-01.
snap,snap_gross_hh_7,SNAP_R_07_INCOME,inclusion,household_income_total,<=,8110,likely_applicable,uncertain,SNAP_SRC_02,"Gross monthly income limit for household size 7 is $8,110."
snap,snap_gross_hh_8,SNAP_R_08_SIZE,inclusion,household_size_total,==,8,evaluate_snap_income_limit,uncertain,SNAP_SRC_02,Use gross monthly income limit for household size 8; effective 2025-10-01.
snap,snap_gross_hh_8,SNAP_R_08_INCOME,inclusion,household_income_total,<=,9026,likely_applicable,uncertain,SNAP_SRC_02,"Gross monthly income limit for household size 8 is $9,026."
snap,snap_gross_hh_9,SNAP_R_09_SIZE,inclusion,household_size_total,==,9,evaluate_snap_income_limit,uncertain,SNAP_SRC_02,Use gross monthly income limit for household size 9; effective 2025-10-01.
snap,snap_gross_hh_9,SNAP_R_09_INCOME,inclusion,household_income_total,<=,9944,likely_applicable,uncertain,SNAP_SRC_02,"Gross monthly income limit for household size 9 is $9,944."
snap,snap_gross_hh_10,SNAP_R_10_SIZE,inclusion,household_size_total,==,10,evaluate_snap_income_limit,uncertain,SNAP_SRC_02,Use gross monthly income limit for household size 10; effective 2025-10-01.
snap,snap_gross_hh_10,SNAP_R_10_INCOME,inclusion,household_income_total,<=,10862,likely_applicable,uncertain,SNAP_SRC_02,"Gross monthly income limit for household size 10 is $10,862."
snap,snap_gross_hh_over_10,SNAP_R_11_SIZE,ambiguity,household_size_total,>,10,uncertain,uncertain,SNAP_SRC_02,Official table lists household sizes 1-10 and +$918 for each additional person; addl-person logic should be computed in code.
snap,snap_general,SNAP_R_MISS_INCOME,ambiguity,household_income_total,missing,,uncertain,uncertain,SNAP_SRC_02,Gross monthly income is required for SNAP prescreening.
snap,snap_general,SNAP_R_MISS_HHSIZE,ambiguity,household_size_total,missing,,uncertain,uncertain,SNAP_SRC_02,Household size is required for SNAP prescreening.
snap,snap_general,SNAP_R_ED_SPECIAL,ambiguity,elderly_or_disabled_member,==,TRUE,uncertain,uncertain,SNAP_SRC_01,Official SNAP guidance says age 60+ or disability status can affect eligibility and benefit level; gross-income-only screening may be insufficient.
snap,snap_general,SNAP_R_WORK_REQ,ambiguity,employment_status,in,unemployed|part_time|recent_job_loss,review_work_reporting_rules,uncertain,SNAP_SRC_01,"Some adults may need to meet work, volunteering, education, or training requirements; current runtime intake does not fully capture exemptions or compliance."
medicaid,medicaid_adult_19_64_hh_1,MED_A_01_ADULTS,inclusion,num_adults,>=,1,evaluate_medicaid_adult_income,uncertain,MED_SRC_02,Adults ages 19-64 are a MAGI Medicaid eligibility group.
medicaid,medicaid_adult_19_64_hh_1,MED_A_01_SIZE,inclusion,household_size_total,==,1,evaluate_medicaid_adult_income,uncertain,MED_SRC_06,Use 133% FPIG monthly limit for household size 1.
medicaid,medicaid_adult_19_64_hh_1,MED_A_01_INCOME,inclusion,household_income_total,<=,1769,likely_applicable,uncertain,MED_SRC_06,"133% FPIG monthly limit for household size 1 is $1,769; used for adults 19-64."
medicaid,medicaid_adult_19_64_hh_2,MED_A_02_ADULTS,inclusion,num_adults,>=,1,evaluate_medicaid_adult_income,uncertain,MED_SRC_02,Adults ages 19-64 are a MAGI Medicaid eligibility group.
medicaid,medicaid_adult_19_64_hh_2,MED_A_02_SIZE,inclusion,household_size_total,==,2,evaluate_medicaid_adult_income,uncertain,MED_SRC_06,Use 133% FPIG monthly limit for household size 2.
medicaid,medicaid_adult_19_64_hh_2,MED_A_02_INCOME,inclusion,household_income_total,<=,2399,likely_applicable,uncertain,MED_SRC_06,"133% FPIG monthly limit for household size 2 is $2,399; used for adults 19-64."
medicaid,medicaid_adult_19_64_hh_3,MED_A_03_ADULTS,inclusion,num_adults,>=,1,evaluate_medicaid_adult_income,uncertain,MED_SRC_02,Adults ages 19-64 are a MAGI Medicaid eligibility group.
medicaid,medicaid_adult_19_64_hh_3,MED_A_03_SIZE,inclusion,household_size_total,==,3,evaluate_medicaid_adult_income,uncertain,MED_SRC_06,Use 133% FPIG monthly limit for household size 3.
medicaid,medicaid_adult_19_64_hh_3,MED_A_03_INCOME,inclusion,household_income_total,<=,3028,likely_applicable,uncertain,MED_SRC_06,"133% FPIG monthly limit for household size 3 is $3,028; used for adults 19-64."
medicaid,medicaid_adult_19_64_hh_4,MED_A_04_ADULTS,inclusion,num_adults,>=,1,evaluate_medicaid_adult_income,uncertain,MED_SRC_02,Adults ages 19-64 are a MAGI Medicaid eligibility group.
medicaid,medicaid_adult_19_64_hh_4,MED_A_04_SIZE,inclusion,household_size_total,==,4,evaluate_medicaid_adult_income,uncertain,MED_SRC_06,Use 133% FPIG monthly limit for household size 4.
medicaid,medicaid_adult_19_64_hh_4,MED_A_04_INCOME,inclusion,household_income_total,<=,3658,likely_applicable,uncertain,MED_SRC_06,"133% FPIG monthly limit for household size 4 is $3,658; used for adults 19-64."
medicaid,medicaid_adult_19_64_hh_5,MED_A_05_ADULTS,inclusion,num_adults,>=,1,evaluate_medicaid_adult_income,uncertain,MED_SRC_02,Adults ages 19-64 are a MAGI Medicaid eligibility group.
medicaid,medicaid_adult_19_64_hh_5,MED_A_05_SIZE,inclusion,household_size_total,==,5,evaluate_medicaid_adult_income,uncertain,MED_SRC_06,Use 133% FPIG monthly limit for household size 5.
medicaid,medicaid_adult_19_64_hh_5,MED_A_05_INCOME,inclusion,household_income_total,<=,4288,likely_applicable,uncertain,MED_SRC_06,"133% FPIG monthly limit for household size 5 is $4,288; used for adults 19-64."
medicaid,medicaid_adult_19_64_hh_6,MED_A_06_ADULTS,inclusion,num_adults,>=,1,evaluate_medicaid_adult_income,uncertain,MED_SRC_02,Adults ages 19-64 are a MAGI Medicaid eligibility group.
medicaid,medicaid_adult_19_64_hh_6,MED_A_06_SIZE,inclusion,household_size_total,==,6,evaluate_medicaid_adult_income,uncertain,MED_SRC_06,Use 133% FPIG monthly limit for household size 6.
medicaid,medicaid_adult_19_64_hh_6,MED_A_06_INCOME,inclusion,household_income_total,<=,4917,likely_applicable,uncertain,MED_SRC_06,"133% FPIG monthly limit for household size 6 is $4,917; used for adults 19-64."
medicaid,medicaid_adult_19_64_hh_7,MED_A_07_ADULTS,inclusion,num_adults,>=,1,evaluate_medicaid_adult_income,uncertain,MED_SRC_02,Adults ages 19-64 are a MAGI Medicaid eligibility group.
medicaid,medicaid_adult_19_64_hh_7,MED_A_07_SIZE,inclusion,household_size_total,==,7,evaluate_medicaid_adult_income,uncertain,MED_SRC_06,Use 133% FPIG monthly limit for household size 7.
medicaid,medicaid_adult_19_64_hh_7,MED_A_07_INCOME,inclusion,household_income_total,<=,5547,likely_applicable,uncertain,MED_SRC_06,"133% FPIG monthly limit for household size 7 is $5,547; used for adults 19-64."
medicaid,medicaid_adult_19_64_hh_8,MED_A_08_ADULTS,inclusion,num_adults,>=,1,evaluate_medicaid_adult_income,uncertain,MED_SRC_02,Adults ages 19-64 are a MAGI Medicaid eligibility group.
medicaid,medicaid_adult_19_64_hh_8,MED_A_08_SIZE,inclusion,household_size_total,==,8,evaluate_medicaid_adult_income,uncertain,MED_SRC_06,Use 133% FPIG monthly limit for household size 8.
medicaid,medicaid_adult_19_64_hh_8,MED_A_08_INCOME,inclusion,household_income_total,<=,6176,likely_applicable,uncertain,MED_SRC_06,"133% FPIG monthly limit for household size 8 is $6,176; used for adults 19-64."
medicaid,medicaid_adult_19_64_hh_over_8,MED_A_09_SIZE,ambiguity,household_size_total,>,8,uncertain,uncertain,MED_SRC_06,FPIG page lists household sizes 1-8 and +$630 monthly for each additional person at 133% FPIG; addl-person logic should be computed in code.
medicaid,medicaid_pregnancy_hh_1,MED_P_01_PREG,inclusion,pregnant_household_member,==,TRUE,evaluate_pregnancy_income,uncertain,MED_SRC_03,Pregnant women are a covered Medicaid group.
medicaid,medicaid_pregnancy_hh_1,MED_P_01_SIZE,inclusion,household_size_total,==,1,evaluate_pregnancy_income,uncertain,MED_SRC_06,Use 215% FPIG monthly limit for household size 1.
medicaid,medicaid_pregnancy_hh_1,MED_P_01_INCOME,inclusion,household_income_total,<=,2860,likely_applicable,uncertain,MED_SRC_06,"215% FPIG monthly limit for household size 1 is $2,860 for pregnant women and infants under age 1."
medicaid,medicaid_pregnancy_hh_2,MED_P_02_PREG,inclusion,pregnant_household_member,==,TRUE,evaluate_pregnancy_income,uncertain,MED_SRC_03,Pregnant women are a covered Medicaid group.
medicaid,medicaid_pregnancy_hh_2,MED_P_02_SIZE,inclusion,household_size_total,==,2,evaluate_pregnancy_income,uncertain,MED_SRC_06,Use 215% FPIG monthly limit for household size 2.
medicaid,medicaid_pregnancy_hh_2,MED_P_02_INCOME,inclusion,household_income_total,<=,3878,likely_applicable,uncertain,MED_SRC_06,"215% FPIG monthly limit for household size 2 is $3,878 for pregnant women and infants under age 1."
medicaid,medicaid_pregnancy_hh_3,MED_P_03_PREG,inclusion,pregnant_household_member,==,TRUE,evaluate_pregnancy_income,uncertain,MED_SRC_03,Pregnant women are a covered Medicaid group.
medicaid,medicaid_pregnancy_hh_3,MED_P_03_SIZE,inclusion,household_size_total,==,3,evaluate_pregnancy_income,uncertain,MED_SRC_06,Use 215% FPIG monthly limit for household size 3.
medicaid,medicaid_pregnancy_hh_3,MED_P_03_INCOME,inclusion,household_income_total,<=,4895,likely_applicable,uncertain,MED_SRC_06,"215% FPIG monthly limit for household size 3 is $4,895 for pregnant women and infants under age 1."
medicaid,medicaid_pregnancy_hh_4,MED_P_04_PREG,inclusion,pregnant_household_member,==,TRUE,evaluate_pregnancy_income,uncertain,MED_SRC_03,Pregnant women are a covered Medicaid group.
medicaid,medicaid_pregnancy_hh_4,MED_P_04_SIZE,inclusion,household_size_total,==,4,evaluate_pregnancy_income,uncertain,MED_SRC_06,Use 215% FPIG monthly limit for household size 4.
medicaid,medicaid_pregnancy_hh_4,MED_P_04_INCOME,inclusion,household_income_total,<=,5913,likely_applicable,uncertain,MED_SRC_06,"215% FPIG monthly limit for household size 4 is $5,913 for pregnant women and infants under age 1."
medicaid,medicaid_pregnancy_hh_5,MED_P_05_PREG,inclusion,pregnant_household_member,==,TRUE,evaluate_pregnancy_income,uncertain,MED_SRC_03,Pregnant women are a covered Medicaid group.
medicaid,medicaid_pregnancy_hh_5,MED_P_05_SIZE,inclusion,household_size_total,==,5,evaluate_pregnancy_income,uncertain,MED_SRC_06,Use 215% FPIG monthly limit for household size 5.
medicaid,medicaid_pregnancy_hh_5,MED_P_05_INCOME,inclusion,household_income_total,<=,6931,likely_applicable,uncertain,MED_SRC_06,"215% FPIG monthly limit for household size 5 is $6,931 for pregnant women and infants under age 1."
medicaid,medicaid_pregnancy_hh_6,MED_P_06_PREG,inclusion,pregnant_household_member,==,TRUE,evaluate_pregnancy_income,uncertain,MED_SRC_03,Pregnant women are a covered Medicaid group.
medicaid,medicaid_pregnancy_hh_6,MED_P_06_SIZE,inclusion,household_size_total,==,6,evaluate_pregnancy_income,uncertain,MED_SRC_06,Use 215% FPIG monthly limit for household size 6.
medicaid,medicaid_pregnancy_hh_6,MED_P_06_INCOME,inclusion,household_income_total,<=,7948,likely_applicable,uncertain,MED_SRC_06,"215% FPIG monthly limit for household size 6 is $7,948 for pregnant women and infants under age 1."
medicaid,medicaid_pregnancy_hh_7,MED_P_07_PREG,inclusion,pregnant_household_member,==,TRUE,evaluate_pregnancy_income,uncertain,MED_SRC_03,Pregnant women are a covered Medicaid group.
medicaid,medicaid_pregnancy_hh_7,MED_P_07_SIZE,inclusion,household_size_total,==,7,evaluate_pregnancy_income,uncertain,MED_SRC_06,Use 215% FPIG monthly limit for household size 7.
medicaid,medicaid_pregnancy_hh_7,MED_P_07_INCOME,inclusion,household_income_total,<=,8966,likely_applicable,uncertain,MED_SRC_06,"215% FPIG monthly limit for household size 7 is $8,966 for pregnant women and infants under age 1."
medicaid,medicaid_pregnancy_hh_8,MED_P_08_PREG,inclusion,pregnant_household_member,==,TRUE,evaluate_pregnancy_income,uncertain,MED_SRC_03,Pregnant women are a covered Medicaid group.
medicaid,medicaid_pregnancy_hh_8,MED_P_08_SIZE,inclusion,household_size_total,==,8,evaluate_pregnancy_income,uncertain,MED_SRC_06,Use 215% FPIG monthly limit for household size 8.
medicaid,medicaid_pregnancy_hh_8,MED_P_08_INCOME,inclusion,household_income_total,<=,9984,likely_applicable,uncertain,MED_SRC_06,"215% FPIG monthly limit for household size 8 is $9,984 for pregnant women and infants under age 1."
medicaid,medicaid_pregnancy_general,MED_P_UNBORN,ambiguity,pregnant_household_member,==,TRUE,count_unborn_child_in_household_size,uncertain,MED_SRC_03,"For pregnant women, household size is increased by the number of unborn children when selecting the income limit."
medicaid,medicaid_pregnancy_hh_over_8,MED_P_09_SIZE,ambiguity,household_size_total,>,8,uncertain,uncertain,MED_SRC_06,"FPIG page lists household sizes 1-8 and +$1,018 monthly for each additional person at 215% FPIG; addl-person logic should be computed in code."
medicaid,medicaid_child_under5_hh_1,MED_C15_01_UNDER5,inclusion,child_under_5,==,TRUE,evaluate_child_under5_income,uncertain,MED_SRC_03,Children age 1 to 5 are covered using the 157% FPIG income limit.
medicaid,medicaid_child_under5_hh_1,MED_C15_01_SIZE,inclusion,household_size_total,==,1,evaluate_child_under5_income,uncertain,MED_SRC_06,Use 157% FPIG monthly limit for household size 1.
medicaid,medicaid_child_under5_hh_1,MED_C15_01_INCOME,inclusion,household_income_total,<=,2089,likely_applicable,uncertain,MED_SRC_06,"157% FPIG monthly limit for household size 1 is $2,089 for children age 1 to 5."
medicaid,medicaid_child_under5_hh_2,MED_C15_02_UNDER5,inclusion,child_under_5,==,TRUE,evaluate_child_under5_income,uncertain,MED_SRC_03,Children age 1 to 5 are covered using the 157% FPIG income limit.
medicaid,medicaid_child_under5_hh_2,MED_C15_02_SIZE,inclusion,household_size_total,==,2,evaluate_child_under5_income,uncertain,MED_SRC_06,Use 157% FPIG monthly limit for household size 2.
medicaid,medicaid_child_under5_hh_2,MED_C15_02_INCOME,inclusion,household_income_total,<=,2832,likely_applicable,uncertain,MED_SRC_06,"157% FPIG monthly limit for household size 2 is $2,832 for children age 1 to 5."
medicaid,medicaid_child_under5_hh_3,MED_C15_03_UNDER5,inclusion,child_under_5,==,TRUE,evaluate_child_under5_income,uncertain,MED_SRC_03,Children age 1 to 5 are covered using the 157% FPIG income limit.
medicaid,medicaid_child_under5_hh_3,MED_C15_03_SIZE,inclusion,household_size_total,==,3,evaluate_child_under5_income,uncertain,MED_SRC_06,Use 157% FPIG monthly limit for household size 3.
medicaid,medicaid_child_under5_hh_3,MED_C15_03_INCOME,inclusion,household_income_total,<=,3575,likely_applicable,uncertain,MED_SRC_06,"157% FPIG monthly limit for household size 3 is $3,575 for children age 1 to 5."
medicaid,medicaid_child_under5_hh_4,MED_C15_04_UNDER5,inclusion,child_under_5,==,TRUE,evaluate_child_under5_income,uncertain,MED_SRC_03,Children age 1 to 5 are covered using the 157% FPIG income limit.
medicaid,medicaid_child_under5_hh_4,MED_C15_04_SIZE,inclusion,household_size_total,==,4,evaluate_child_under5_income,uncertain,MED_SRC_06,Use 157% FPIG monthly limit for household size 4.
medicaid,medicaid_child_under5_hh_4,MED_C15_04_INCOME,inclusion,household_income_total,<=,4318,likely_applicable,uncertain,MED_SRC_06,"157% FPIG monthly limit for household size 4 is $4,318 for children age 1 to 5."
medicaid,medicaid_child_under5_hh_5,MED_C15_05_UNDER5,inclusion,child_under_5,==,TRUE,evaluate_child_under5_income,uncertain,MED_SRC_03,Children age 1 to 5 are covered using the 157% FPIG income limit.
medicaid,medicaid_child_under5_hh_5,MED_C15_05_SIZE,inclusion,household_size_total,==,5,evaluate_child_under5_income,uncertain,MED_SRC_06,Use 157% FPIG monthly limit for household size 5.
medicaid,medicaid_child_under5_hh_5,MED_C15_05_INCOME,inclusion,household_income_total,<=,5061,likely_applicable,uncertain,MED_SRC_06,"157% FPIG monthly limit for household size 5 is $5,061 for children age 1 to 5."
medicaid,medicaid_child_under5_hh_6,MED_C15_06_UNDER5,inclusion,child_under_5,==,TRUE,evaluate_child_under5_income,uncertain,MED_SRC_03,Children age 1 to 5 are covered using the 157% FPIG income limit.
medicaid,medicaid_child_under5_hh_6,MED_C15_06_SIZE,inclusion,household_size_total,==,6,evaluate_child_under5_income,uncertain,MED_SRC_06,Use 157% FPIG monthly limit for household size 6.
medicaid,medicaid_child_under5_hh_6,MED_C15_06_INCOME,inclusion,household_income_total,<=,5804,likely_applicable,uncertain,MED_SRC_06,"157% FPIG monthly limit for household size 6 is $5,804 for children age 1 to 5."
medicaid,medicaid_child_under5_hh_7,MED_C15_07_UNDER5,inclusion,child_under_5,==,TRUE,evaluate_child_under5_income,uncertain,MED_SRC_03,Children age 1 to 5 are covered using the 157% FPIG income limit.
medicaid,medicaid_child_under5_hh_7,MED_C15_07_SIZE,inclusion,household_size_total,==,7,evaluate_child_under5_income,uncertain,MED_SRC_06,Use 157% FPIG monthly limit for household size 7.
medicaid,medicaid_child_under5_hh_7,MED_C15_07_INCOME,inclusion,household_income_total,<=,6547,likely_applicable,uncertain,MED_SRC_06,"157% FPIG monthly limit for household size 7 is $6,547 for children age 1 to 5."
medicaid,medicaid_child_under5_hh_8,MED_C15_08_UNDER5,inclusion,child_under_5,==,TRUE,evaluate_child_under5_income,uncertain,MED_SRC_03,Children age 1 to 5 are covered using the 157% FPIG income limit.
medicaid,medicaid_child_under5_hh_8,MED_C15_08_SIZE,inclusion,household_size_total,==,8,evaluate_child_under5_income,uncertain,MED_SRC_06,Use 157% FPIG monthly limit for household size 8.
medicaid,medicaid_child_under5_hh_8,MED_C15_08_INCOME,inclusion,household_income_total,<=,7291,likely_applicable,uncertain,MED_SRC_06,"157% FPIG monthly limit for household size 8 is $7,291 for children age 1 to 5."
medicaid,medicaid_child_under5_hh_over_8,MED_C15_09_SIZE,ambiguity,household_size_total,>,8,uncertain,uncertain,MED_SRC_06,FPIG page lists household sizes 1-8 and +$744 monthly for each additional person at 157% FPIG; addl-person logic should be computed in code.
medicaid,medicaid_child_6_18_hh_1,MED_C618_01_CHILDREN,inclusion,num_children,>=,1,evaluate_child_6_18_income,uncertain,MED_SRC_03,Children through age 18 are covered by Medicaid/MA subject to age-banded income limits.
medicaid,medicaid_child_6_18_hh_1,MED_C618_01_AGEBAND,inclusion,child_under_5,==,FALSE,evaluate_child_6_18_income,uncertain,MED_SRC_06,"If no child under 5 is present, use the 133% FPIG child age 6-18 screen for household-level prescreening."
medicaid,medicaid_child_6_18_hh_1,MED_C618_01_SIZE,inclusion,household_size_total,==,1,evaluate_child_6_18_income,uncertain,MED_SRC_06,Use 133% FPIG monthly limit for household size 1.
medicaid,medicaid_child_6_18_hh_1,MED_C618_01_INCOME,inclusion,household_income_total,<=,1769,likely_applicable,uncertain,MED_SRC_06,"133% FPIG monthly limit for household size 1 is $1,769 for children age 6 to under 19."
medicaid,medicaid_child_6_18_hh_2,MED_C618_02_CHILDREN,inclusion,num_children,>=,1,evaluate_child_6_18_income,uncertain,MED_SRC_03,Children through age 18 are covered by Medicaid/MA subject to age-banded income limits.
medicaid,medicaid_child_6_18_hh_2,MED_C618_02_AGEBAND,inclusion,child_under_5,==,FALSE,evaluate_child_6_18_income,uncertain,MED_SRC_06,"If no child under 5 is present, use the 133% FPIG child age 6-18 screen for household-level prescreening."
medicaid,medicaid_child_6_18_hh_2,MED_C618_02_SIZE,inclusion,household_size_total,==,2,evaluate_child_6_18_income,uncertain,MED_SRC_06,Use 133% FPIG monthly limit for household size 2.
medicaid,medicaid_child_6_18_hh_2,MED_C618_02_INCOME,inclusion,household_income_total,<=,2399,likely_applicable,uncertain,MED_SRC_06,"133% FPIG monthly limit for household size 2 is $2,399 for children age 6 to under 19."
medicaid,medicaid_child_6_18_hh_3,MED_C618_03_CHILDREN,inclusion,num_children,>=,1,evaluate_child_6_18_income,uncertain,MED_SRC_03,Children through age 18 are covered by Medicaid/MA subject to age-banded income limits.
medicaid,medicaid_child_6_18_hh_3,MED_C618_03_AGEBAND,inclusion,child_under_5,==,FALSE,evaluate_child_6_18_income,uncertain,MED_SRC_06,"If no child under 5 is present, use the 133% FPIG child age 6-18 screen for household-level prescreening."
medicaid,medicaid_child_6_18_hh_3,MED_C618_03_SIZE,inclusion,household_size_total,==,3,evaluate_child_6_18_income,uncertain,MED_SRC_06,Use 133% FPIG monthly limit for household size 3.
medicaid,medicaid_child_6_18_hh_3,MED_C618_03_INCOME,inclusion,household_income_total,<=,3028,likely_applicable,uncertain,MED_SRC_06,"133% FPIG monthly limit for household size 3 is $3,028 for children age 6 to under 19."
medicaid,medicaid_child_6_18_hh_4,MED_C618_04_CHILDREN,inclusion,num_children,>=,1,evaluate_child_6_18_income,uncertain,MED_SRC_03,Children through age 18 are covered by Medicaid/MA subject to age-banded income limits.
medicaid,medicaid_child_6_18_hh_4,MED_C618_04_AGEBAND,inclusion,child_under_5,==,FALSE,evaluate_child_6_18_income,uncertain,MED_SRC_06,"If no child under 5 is present, use the 133% FPIG child age 6-18 screen for household-level prescreening."
medicaid,medicaid_child_6_18_hh_4,MED_C618_04_SIZE,inclusion,household_size_total,==,4,evaluate_child_6_18_income,uncertain,MED_SRC_06,Use 133% FPIG monthly limit for household size 4.
medicaid,medicaid_child_6_18_hh_4,MED_C618_04_INCOME,inclusion,household_income_total,<=,3658,likely_applicable,uncertain,MED_SRC_06,"133% FPIG monthly limit for household size 4 is $3,658 for children age 6 to under 19."
medicaid,medicaid_child_6_18_hh_5,MED_C618_05_CHILDREN,inclusion,num_children,>=,1,evaluate_child_6_18_income,uncertain,MED_SRC_03,Children through age 18 are covered by Medicaid/MA subject to age-banded income limits.
medicaid,medicaid_child_6_18_hh_5,MED_C618_05_AGEBAND,inclusion,child_under_5,==,FALSE,evaluate_child_6_18_income,uncertain,MED_SRC_06,"If no child under 5 is present, use the 133% FPIG child age 6-18 screen for household-level prescreening."
medicaid,medicaid_child_6_18_hh_5,MED_C618_05_SIZE,inclusion,household_size_total,==,5,evaluate_child_6_18_income,uncertain,MED_SRC_06,Use 133% FPIG monthly limit for household size 5.
medicaid,medicaid_child_6_18_hh_5,MED_C618_05_INCOME,inclusion,household_income_total,<=,4288,likely_applicable,uncertain,MED_SRC_06,"133% FPIG monthly limit for household size 5 is $4,288 for children age 6 to under 19."
medicaid,medicaid_child_6_18_hh_6,MED_C618_06_CHILDREN,inclusion,num_children,>=,1,evaluate_child_6_18_income,uncertain,MED_SRC_03,Children through age 18 are covered by Medicaid/MA subject to age-banded income limits.
medicaid,medicaid_child_6_18_hh_6,MED_C618_06_AGEBAND,inclusion,child_under_5,==,FALSE,evaluate_child_6_18_income,uncertain,MED_SRC_06,"If no child under 5 is present, use the 133% FPIG child age 6-18 screen for household-level prescreening."
medicaid,medicaid_child_6_18_hh_6,MED_C618_06_SIZE,inclusion,household_size_total,==,6,evaluate_child_6_18_income,uncertain,MED_SRC_06,Use 133% FPIG monthly limit for household size 6.
medicaid,medicaid_child_6_18_hh_6,MED_C618_06_INCOME,inclusion,household_income_total,<=,4917,likely_applicable,uncertain,MED_SRC_06,"133% FPIG monthly limit for household size 6 is $4,917 for children age 6 to under 19."
medicaid,medicaid_child_6_18_hh_7,MED_C618_07_CHILDREN,inclusion,num_children,>=,1,evaluate_child_6_18_income,uncertain,MED_SRC_03,Children through age 18 are covered by Medicaid/MA subject to age-banded income limits.
medicaid,medicaid_child_6_18_hh_7,MED_C618_07_AGEBAND,inclusion,child_under_5,==,FALSE,evaluate_child_6_18_income,uncertain,MED_SRC_06,"If no child under 5 is present, use the 133% FPIG child age 6-18 screen for household-level prescreening."
medicaid,medicaid_child_6_18_hh_7,MED_C618_07_SIZE,inclusion,household_size_total,==,7,evaluate_child_6_18_income,uncertain,MED_SRC_06,Use 133% FPIG monthly limit for household size 7.
medicaid,medicaid_child_6_18_hh_7,MED_C618_07_INCOME,inclusion,household_income_total,<=,5547,likely_applicable,uncertain,MED_SRC_06,"133% FPIG monthly limit for household size 7 is $5,547 for children age 6 to under 19."
medicaid,medicaid_child_6_18_hh_8,MED_C618_08_CHILDREN,inclusion,num_children,>=,1,evaluate_child_6_18_income,uncertain,MED_SRC_03,Children through age 18 are covered by Medicaid/MA subject to age-banded income limits.
medicaid,medicaid_child_6_18_hh_8,MED_C618_08_AGEBAND,inclusion,child_under_5,==,FALSE,evaluate_child_6_18_income,uncertain,MED_SRC_06,"If no child under 5 is present, use the 133% FPIG child age 6-18 screen for household-level prescreening."
medicaid,medicaid_child_6_18_hh_8,MED_C618_08_SIZE,inclusion,household_size_total,==,8,evaluate_child_6_18_income,uncertain,MED_SRC_06,Use 133% FPIG monthly limit for household size 8.
medicaid,medicaid_child_6_18_hh_8,MED_C618_08_INCOME,inclusion,household_income_total,<=,6176,likely_applicable,uncertain,MED_SRC_06,"133% FPIG monthly limit for household size 8 is $6,176 for children age 6 to under 19."
medicaid,medicaid_child_6_18_hh_over_8,MED_C618_09_SIZE,ambiguity,household_size_total,>,8,uncertain,uncertain,MED_SRC_06,FPIG page lists household sizes 1-8 and +$630 monthly for each additional person at 133% FPIG; addl-person logic should be computed in code.
medicaid,medicaid_general,MED_GEN_MISS_INCOME,ambiguity,household_income_total,missing,,uncertain,uncertain,MED_SRC_02,Income is required for Medicaid prescreening.
medicaid,medicaid_general,MED_GEN_MISS_HHSIZE,ambiguity,household_size_total,missing,,uncertain,uncertain,MED_SRC_02,Household size is required for Medicaid prescreening.
medicaid,medicaid_general,MED_GEN_ED,ambiguity,elderly_or_disabled_member,==,TRUE,uncertain,uncertain,MED_SRC_02,"Older-adult, disability, LTC, HCBS, and MAWD pathways have additional non-MAGI/resource rules that are not fully represented in this Phase 2 rule sheet."
medicaid,medicaid_general,MED_GEN_CIT,ambiguity,citizenship_status,missing,,uncertain,uncertain,MED_SRC_02,"Citizenship or qualifying immigration status affects Medicaid eligibility, but current prototype intake does not capture it."
medicaid,medicaid_general,MED_GEN_SSN,ambiguity,ssn_available,missing,,uncertain,uncertain,MED_SRC_02,"SSN is required for each person applying, but current prototype intake does not capture it."
medicaid,medicaid_general,MED_GEN_RES,ambiguity,pa_residency,missing,,uncertain,uncertain,MED_SRC_02,"Pennsylvania residency is required, but current prototype intake only partially captures geography."
liheap,liheap_cash_hh_1,LIH_C_01_SIZE,inclusion,household_size_total,==,1,evaluate_liheap_income,uncertain,LIHEAP_SRC_01,Use LIHEAP income limit for household size 1; official source publishes annual threshold.
liheap,liheap_cash_hh_1,LIH_C_01_INCOME,inclusion,household_income_total,<=,1995,likely_applicable,uncertain,LIHEAP_SRC_01,"Annual LIHEAP income limit for household size 1 is $23,940; normalized to $1,995.00 monthly for runtime."
liheap,liheap_cash_hh_2,LIH_C_02_SIZE,inclusion,household_size_total,==,2,evaluate_liheap_income,uncertain,LIHEAP_SRC_01,Use LIHEAP income limit for household size 2; official source publishes annual threshold.
liheap,liheap_cash_hh_2,LIH_C_02_INCOME,inclusion,household_income_total,<=,2705,likely_applicable,uncertain,LIHEAP_SRC_01,"Annual LIHEAP income limit for household size 2 is $32,460; normalized to $2,705.00 monthly for runtime."
liheap,liheap_cash_hh_3,LIH_C_03_SIZE,inclusion,household_size_total,==,3,evaluate_liheap_income,uncertain,LIHEAP_SRC_01,Use LIHEAP income limit for household size 3; official source publishes annual threshold.
liheap,liheap_cash_hh_3,LIH_C_03_INCOME,inclusion,household_income_total,<=,3415,likely_applicable,uncertain,LIHEAP_SRC_01,"Annual LIHEAP income limit for household size 3 is $40,980; normalized to $3,415.00 monthly for runtime."
liheap,liheap_cash_hh_4,LIH_C_04_SIZE,inclusion,household_size_total,==,4,evaluate_liheap_income,uncertain,LIHEAP_SRC_01,Use LIHEAP income limit for household size 4; official source publishes annual threshold.
liheap,liheap_cash_hh_4,LIH_C_04_INCOME,inclusion,household_income_total,<=,4125,likely_applicable,uncertain,LIHEAP_SRC_01,"Annual LIHEAP income limit for household size 4 is $49,500; normalized to $4,125.00 monthly for runtime."
liheap,liheap_cash_hh_5,LIH_C_05_SIZE,inclusion,household_size_total,==,5,evaluate_liheap_income,uncertain,LIHEAP_SRC_01,Use LIHEAP income limit for household size 5; official source publishes annual threshold.
liheap,liheap_cash_hh_5,LIH_C_05_INCOME,inclusion,household_income_total,<=,4835,likely_applicable,uncertain,LIHEAP_SRC_01,"Annual LIHEAP income limit for household size 5 is $58,020; normalized to $4,835.00 monthly for runtime."
liheap,liheap_cash_hh_6,LIH_C_06_SIZE,inclusion,household_size_total,==,6,evaluate_liheap_income,uncertain,LIHEAP_SRC_01,Use LIHEAP income limit for household size 6; official source publishes annual threshold.
liheap,liheap_cash_hh_6,LIH_C_06_INCOME,inclusion,household_income_total,<=,5545,likely_applicable,uncertain,LIHEAP_SRC_01,"Annual LIHEAP income limit for household size 6 is $66,540; normalized to $5,545.00 monthly for runtime."
liheap,liheap_cash_hh_7,LIH_C_07_SIZE,inclusion,household_size_total,==,7,evaluate_liheap_income,uncertain,LIHEAP_SRC_01,Use LIHEAP income limit for household size 7; official source publishes annual threshold.
liheap,liheap_cash_hh_7,LIH_C_07_INCOME,inclusion,household_income_total,<=,6255,likely_applicable,uncertain,LIHEAP_SRC_01,"Annual LIHEAP income limit for household size 7 is $75,060; normalized to $6,255.00 monthly for runtime."
liheap,liheap_cash_hh_8,LIH_C_08_SIZE,inclusion,household_size_total,==,8,evaluate_liheap_income,uncertain,LIHEAP_SRC_01,Use LIHEAP income limit for household size 8; official source publishes annual threshold.
liheap,liheap_cash_hh_8,LIH_C_08_INCOME,inclusion,household_income_total,<=,6965,likely_applicable,uncertain,LIHEAP_SRC_01,"Annual LIHEAP income limit for household size 8 is $83,580; normalized to $6,965.00 monthly for runtime."
liheap,liheap_cash_hh_9,LIH_C_09_SIZE,inclusion,household_size_total,==,9,evaluate_liheap_income,uncertain,LIHEAP_SRC_01,Use LIHEAP income limit for household size 9; official source publishes annual threshold.
liheap,liheap_cash_hh_9,LIH_C_09_INCOME,inclusion,household_income_total,<=,7675,likely_applicable,uncertain,LIHEAP_SRC_01,"Annual LIHEAP income limit for household size 9 is $92,100; normalized to $7,675.00 monthly for runtime."
liheap,liheap_cash_hh_10,LIH_C_10_SIZE,inclusion,household_size_total,==,10,evaluate_liheap_income,uncertain,LIHEAP_SRC_01,Use LIHEAP income limit for household size 10; official source publishes annual threshold.
liheap,liheap_cash_hh_10,LIH_C_10_INCOME,inclusion,household_income_total,<=,8385,likely_applicable,uncertain,LIHEAP_SRC_01,"Annual LIHEAP income limit for household size 10 is $100,620; normalized to $8,385.00 monthly for runtime."
liheap,liheap_cash_hh_over_10,LIH_C_11_SIZE,ambiguity,household_size_total,>,10,uncertain,uncertain,LIHEAP_SRC_01,"Official table lists household sizes 1-10 and +$8,520 annually (+$710.00 monthly) for each additional person; addl-person logic should be computed in code."
liheap,liheap_general,LIH_GEN_MISS_INCOME,ambiguity,household_income_total,missing,,uncertain,uncertain,LIHEAP_SRC_01,Household income is required for LIHEAP prescreening.
liheap,liheap_general,LIH_GEN_MISS_HHSIZE,ambiguity,household_size_total,missing,,uncertain,uncertain,LIHEAP_SRC_01,Household size is required for LIHEAP prescreening.
liheap,liheap_general,LIH_GEN_NEED,ambiguity,heating_assistance_need,missing,,uncertain,uncertain,LIHEAP_SRC_01,The prototype should capture whether the household needs help with heating or utility bills.
liheap,liheap_crisis,LIH_CRISIS_POSSIBLE,ambiguity,utility_burden,==,high,review_for_possible_crisis_grant,uncertain,LIHEAP_SRC_01,"Official crisis criteria are specific (shutoff, broken equipment, lack of fuel, less than 15-day supply, imminent termination); current intake does not fully capture them."
liheap,liheap_crisis,LIH_CRISIS_NEED,ambiguity,heating_assistance_need,==,TRUE,review_for_possible_crisis_grant,uncertain,LIHEAP_SRC_01,"If a heating emergency exists, the household may also need a LIHEAP crisis-grant screen."